<?xml version="1.0" encoding="UTF-8"?>
<beans xmlns="http://www.springframework.org/schema/beans"
	xmlns:xsi="http://www.w3.org/2001/XMLSchema-instance" 
	xmlns:context="http://www.springframework.org/schema/context"
	xmlns:tx="http://www.springframework.org/schema/tx"
	xsi:schemaLocation="http://www.springframework.org/schema/beans
						http://www.springframework.org/schema/beans/spring-beans-3.0.xsd
						http://www.springframework.org/schema/context
						http://www.springframework.org/schema/context/spring-context-3.0.xsd
						http://www.springframework.org/schema/tx
						http://www.springframework.org/schema/tx/spring-tx-2.0.xsd">

	<context:annotation-config />
	
	<context:component-scan base-package="br.net.oi.poi_treinamento_business.bo"/>
	
	<!-- Import dos arquivos de contexto dos WS -->
	<bean id="treinamentoDAO"
		class="br.net.oi.poi_treinamento_business.dao.impl.JDBCTreinamentoDAO">
		<constructor-arg ref="dataSource" />
	</bean>
	
	<bean id="txManager" class="org.springframework.jdbc.datasource.DataSourceTransactionManager">
		<constructor-arg ref="dataSource"/>
	</bean>
	
	<tx:annotation-driven transaction-manager="txManager"/>
	
	<!-- bean id="dataSource" class="org.springframework.jndi.JndiObjectFactoryBean">
		<property name="jndiName" value="jdbc/BaseCfgMsgDS" />
		<property name="lookupOnStartup" value="false" />
		<property name="cache" value="true" />
		<property name="proxyInterface" value="javax.sql.DataSource" />
	</bean -->
	
	<!-- PRD DataSource (assign PRD database from another environment) -->
	<bean id="dataSource" class="org.springframework.jdbc.datasource.DriverManagerDataSource">
		<property name="driverClassName" value="oracle.jdbc.OracleDriver" />
		<property name="url" value="jdbc:oracle:thin:@(DESCRIPTION=(ADDRESS=(PROTOCOL=TCP)(HOST=10.42.3.203)(PORT=1521))(CONNECT_DATA=(SERVER=DEDICATED)(SERVICE_NAME=xe)))" />
		<property name="username" value="treinamento" />
		<property name="password" value="123Senha" />
	</bean>
			
</beans>