<?xml version="1.0" encoding="UTF-8"?>
<beans xmlns="http://www.springframework.org/schema/beans"
	xmlns:xsi="http://www.w3.org/2001/XMLSchema-instance" xmlns:p="http://www.springframework.org/schema/p"
	xmlns:context="http://www.springframework.org/schema/context"
	xmlns:mvc="http://www.springframework.org/schema/mvc" xmlns:util="http://www.springframework.org/schema/util"
	xmlns:jee="http://www.springframework.org/schema/jee"
	xsi:schemaLocation="http://www.springframework.org/schema/beans
						http://www.springframework.org/schema/beans/spring-beans-3.0.xsd
						http://www.springframework.org/schema/context
						http://www.springframework.org/schema/context/spring-context-3.0.xsd
						http://www.springframework.org/schema/mvc
						http://www.springframework.org/schema/mvc/spring-mvc-3.0.xsd">

	<!-- import resource="service-context.xml" / -->

	<!-- Enable annotation driven controllers, validation etc... -->
	<mvc:annotation-driven />

	<context:component-scan base-package="br.net.oi.intranet.gerenciadormensagens.web" />

	<bean id="viewResolver"
		class="org.springframework.web.servlet.view.InternalResourceViewResolver">
		<property name="prefix">
			<value>/WEB-INF/views/gerenciador/</value>
		</property>
		<property name="suffix">
			<value>.jsp</value>
		</property>
	</bean>

	<!-- bean
		class="org.springframework.web.servlet.handler.SimpleMappingExceptionResolver">
		<property name="defaultErrorView" value="error/erroGenerico" />
		<property name="exceptionMappings">
			<props>
				<prop key="br.net.oi.commons.exception.BusinessException">error/erroNegocios</prop>
				<prop key="br.net.oi.ws.common.exception.ServicoIndisponivelException">error/servicoIndisponivel</prop>
			</props>
		</property>
		
	</bean -->
	
	<bean id="messageSource"
        class="org.springframework.context.support.ReloadableResourceBundleMessageSource">
 
        <property name="basename" value="/WEB-INF/messages" />
 
    </bean>

</beans>